State/UT,full-time-teachers-percentage,computer-availability-schools-percentage,mid-day-meal-school-percentage,#schools-100-people,pucca-building-type-schools-percentage,hand-wash-facility-percentage,#teachers-100-people,toilet-facility-schools-percentage,private-schools-percentage,drinking-water-schools-percentage,play-ground-school-percentage,students-pass-percentage,Trained-teachers-percentage,text-books-received-schools-percentage,boundary-wall-schools-percentage,#students-100-people,govt-schools-percentage,electricity-connection-school-percentage,School-drop-out-percentage,literacy-rate
Andaman and Nicobar Islands,88.9627659574468,81.09,94.28,0.4119028703671721,71.27882599580713,39.65,4.081033470346449,81.28,33.123689727463315,95.81,54.99,77.4793553277217,98.25,84.12,48.52,86.58422852405788,66.87631027253668,86.21,21.1,87.5
Andhra Pradesh,92.56356607037615,67.09,95.9,0.4579594215559194,75.58131490549069,13.68,1.7296977354465797,53.005,40.70472661864974,90.51,57.53,79.5716603287904,91.75,97.83,56.09,64.0947675690396,59.29527338135026,67.12,46.2,70.0
Arunachal Pradesh,69.96950374272247,68.78,84.26,0.5782229823275511,78.2121299223915,9.47,2.716767136857186,66.21,22.937625754527158,78.16,33.17,86.03701821401053,30.75,80.67,29.99,70.96552767209988,77.06237424547284,20.72,61.7,71.5
Assam,83.49110109112047,70.42,89.87,0.4790841863374509,70.25196284702622,15.15,2.1742969584411003,81.095,29.72751064812439,76.12,51.95,85.39971994112601,45.5,95.8,24.76,49.47530689422803,70.2724893518756,11.5,77.4,79.0
Bihar,69.96099744764699,48.13,92.48,0.16632007132326082,80.2322266283078,10.52,0.664888010807119,81.01,10.881735479356193,91.86,32.9,88.17794457763411,92.0,93.12,44.55,55.932440332679796,89.11826452064379,4.33,62.2,68.5
Chandigarh,100.0,94.48,93.22,0.0896313944697716,58.78594249201278,50.54,1.7943460630913382,98.66,63.897763578274756,100.0,95.21,77.53405521507071,97.25,95.45,100.0,70.92792834070241,36.102236421725244,100.0,,83.5
Chhattisgarh,47.43319690419412,63.87,97.08,0.6096674336702357,82.67734781025523,23.89,1.817559306045928,62.325,20.798437551723,93.59,40.84,84.92500761770233,73.0,90.86,71.92,66.99440655508032,79.201562448277,22.59,58.0,75.0
Dadra and Nagar Haveli,65.1685393258427,73.79,99.65,0.27726503911831263,81.05849582172702,11.48,1.3477088948787062,85.815,22.284122562674092,96.3,36.19,85.77141679896262,95.75,98.91,39.39,63.730025718456275,77.7158774373259,76.43,54.7,77.0
Daman and Diu,66.25954198473282,,97.83,0.20225622471797192,68.94409937888199,13.21,1.6331247958594006,95.755,40.993788819875775,100.0,53.33,80.76310861423221,96.25,86.6,91.82,53.66699329162584,59.006211180124225,100.0,28.3,85.5
Delhi,91.9521615629763,90.21,8.66,0.11840916471479017,71.34155184916607,58.13,1.8120637901683128,100.0,59.144307469180575,100.0,73.88,78.0979846183662,100.0,94.53,98.07,82.94061389699417,40.85569253081943,98.96,,84.0
Goa,95.1985992074463,79.81,96.97,0.6536438391815939,59.150076569678404,45.79,2.6959054668848816,82.175,60.33690658499234,98.93,42.62,80.50586057988896,96.0,88.06,74.51,81.53556252909115,39.66309341500766,97.38,,88.5
Gujarat,92.639541439579,72.97,89.94,0.28742655592115995,73.05645852538287,25.93,1.5215111349028239,96.335,47.26440573803632,97.89,73.82,83.63559423203436,75.0,96.3,88.58,65.26026157847954,52.73559426196368,97.48,57.9,79.0
Haryana,99.21682215395,74.75,97.14,0.3294982185825223,61.55359215787436,26.11,1.0956782630305697,92.035,53.89849090674578,99.0,76.75,78.77395405914255,100.0,96.42,95.62,65.2475534396025,46.10150909325422,94.7,,77.0
Himachal Pradesh,78.79831787545365,70.93,99.41,1.0250910853061004,69.9465989669964,40.39,3.5736848717626577,86.485,33.48069683970936,97.55,83.88,76.78723020121973,100.0,79.86,45.42,86.73569108171654,66.51930316029065,60.78,16.0,86.5
Jammu and Kashmir,78.96904020594937,71.83,96.9,0.6184570112320041,71.94510857105426,23.65,2.2615113255839008,59.56,29.14551468902499,86.93,35.99,82.07724571595698,50.25,96.9,31.45,60.94514766565039,70.85448531097502,19.56,43.6,70.0
Jharkhand,,72.05,97.09,0.33711473106625245,84.57026214009454,6.52,0.8516384435092702,74.215,18.025354533734426,87.37,31.33,89.9692933496198,,94.77,25.2,61.9696409858498,81.9746454662656,9.8,69.5,71.5
Karnataka,84.85020818976379,81.11,97.16,0.45854621696187,72.26578357013139,10.14,1.9556131572638649,97.315,45.12231599188121,94.71,62.79,80.6988421485188,100.0,96.87,69.1,66.8740256321506,54.87768400811879,91.81,43.3,77.5
Kerala,98.56959901077549,80.15,95.82,0.1835946208947864,77.64443682496143,27.38,2.143227725421177,79.26,71.83267615292303,99.35,68.31,76.44716168344357,100.0,89.57,79.42,78.64087102265425,28.16732384707697,90.75,,94.0
Lakshadweep,100.0,90.7,97.83,0.31222123104371097,73.01587301587301,40.79,3.835860838537021,68.18,26.984126984126984,100.0,38.64,76.50172003175443,100.0,77.27,45.65,93.64158985033205,73.01587301587301,100.0,31.3,92.0
Madhya Pradesh,100.0,65.33,97.83,0.5649844650797641,78.74633426633719,28.98,1.851340282863055,67.7,32.16859642625121,91.17,56.71,84.34292104462983,83.0,86.05,42.35,77.01963139292592,67.83140357374879,20.57,51.1,73.5
Maharashtra,81.46281644003021,73.35,94.28,0.3187961656782317,77.05873998512912,33.77,1.915067483409,86.95,44.54246973608361,92.16,75.01,79.77353744724725,96.75,97.25,58.55,71.91389986651774,55.45753026391639,74.05,38.2,83.0
Manipur,97.33252608711136,66.34,96.33,0.4639732089552941,53.2725430597771,14.52,2.630027669162188,71.335,47.23404255319149,89.2,51.15,84.13925937269387,39.0,79.63,30.38,71.21711407723859,52.76595744680851,23.05,45.3,80.5
Meghalaya,100.0,64.79,89.43,0.7920941631390734,92.14340198321892,5.5,2.1932881952442633,73.01,53.07017543859649,58.56,32.48,91.03211059423222,38.25,92.96,18.87,62.050246018948926,46.92982456140351,14.02,77.4,80.5
Mizoram,71.5799886941775,78.49,93.18,1.0698172455694983,62.52811515969411,12.29,5.152736503964292,74.64,52.60908681961313,86.05,49.16,84.17700450500433,42.75,76.88,58.26,75.89951514130684,47.39091318038687,42.49,53.7,91.0
Nagaland,91.98490035993328,79.0,74.13,0.3480730444133625,78.32596121129636,8.9,2.698128648460437,96.94,32.93637291595781,75.09,39.33,87.32620913175599,25.0,80.87,75.34,49.184770057427905,67.06362708404221,34.96,75.1,82.5
Orissa,63.14697656544665,39.71,94.45,0.6427856142458331,63.080989793670604,12.87,1.6688503473886316,53.985,40.33650467309326,88.65,29.65,85.11302599152695,92.75,88.8,58.79,61.65252128819003,59.66349532690674,20.4,64.0,78.0
Puducherry,,95.38,96.59,0.2755654406593946,69.43620178041543,27.86,,96.26,56.77546983184966,100.0,66.57,78.21107722613581,98.25,96.54,87.31,89.10848719751854,43.22453016815034,99.86,,
Punjab,86.08622800799124,90.9,87.49,0.312892650339448,83.11880506607929,35.9,1.6901652033565318,92.385,31.425523127753305,99.78,81.47,81.83762333110728,100.0,94.95,95.08,64.87147882697992,68.57447687224669,99.37,,77.0
Rajasthan,87.50477763586252,59.58,75.41,0.4542937956581408,75.69684262456833,33.12,1.72452205265659,90.72,40.60727059694129,94.68,48.39,82.81367374578801,87.25,94.08,76.34,64.13170696005075,59.39272940305871,39.39,68.5,70.5
Sikkim,76.07210469997531,76.05,91.08,0.6122513150152052,67.93837123991196,22.32,5.501277956706691,83.24,42.92002934702861,98.17,64.03,86.56599960347154,55.75,85.8,29.31,70.23461398520354,57.07997065297139,60.03,69.9,84.0
Tamil Nadu,100.0,83.46,97.64,0.23905288481884854,100.0,41.77,1.4677426240536466,83.165,30.62708446443807,100.0,75.12,80.78247141175035,100.0,99.13,71.85,73.76516961643951,69.37291553556193,94.58,25.9,80.5
Tripura,73.53354784888572,73.8,99.43,0.40979273868880417,77.64188801834511,21.29,2.740043555650919,67.8,20.408943244792663,82.38,60.21,82.908042728275,79.25,97.55,13.18,72.59071548888123,79.59105675520733,14.32,58.4,89.5
Uttar Pradesh,100.0,42.42,89.21,0.2672990048732604,94.16940388649894,17.94,0.6897378106550123,96.4,36.90690627052915,98.16,73.35,84.01930976641206,96.75,91.55,53.68,65.86312281209091,63.09309372947085,29.27,24.0,70.5
Uttarakhand,79.57705893288716,83.35,97.33,0.6463085087726834,84.57598623763538,20.51,2.717088349465988,73.87,32.68561598310983,92.98,57.17,79.51443398619328,100.0,96.83,79.6,73.72066190966895,67.31438401689017,40.78,36.6,80.5
West Bengal,96.94531848465334,71.76,86.82,0.2207265021700581,85.6334051140172,17.41,0.9461672359033418,74.125,23.623450892029492,95.37,33.08,81.95618486395395,54.5,89.0,32.68,57.93949964042743,76.3765491079705,28.84,64.2,78.5
